{"cameraMode":{"drawMode":0,"name":"Shaded","section":"Shading Mode"},"sceneLighting":false,"audioPlay":false,"sceneViewState":{"showFog":true,"showMaterialUpdate":false,"showSkybox":false,"showFlares":true,"showImageEffects":true,"showParticleSystems":true,"showVisualEffectGraphs":true,"m_FxEnabled":true},"in2DMode":false,"pivot":{"x":0.00616765022277832,"y":0.501285970211029,"z":0.000003933906555175781},"rotation":{"x":-0.024199875071644784,"y":0.904875636100769,"z":-0.05191493779420853,"w":-0.4218038320541382},"size":1.9812122583389283,"orthographic":false}