{"cameraMode":{"drawMode":0,"name":"Shaded","section":"Shading Mode"},"sceneLighting":true,"audioPlay":false,"sceneViewState":{"showFog":true,"showMaterialUpdate":false,"showSkybox":true,"showFlares":true,"showImageEffects":true,"showParticleSystems":true,"showVisualEffectGraphs":true,"m_FxEnabled":true},"in2DMode":false,"pivot":{"x":77.58643341064453,"y":4.004168510437012,"z":-141.0680389404297},"rotation":{"x":-0.00021502183517441154,"y":-0.6623357534408569,"z":0.0002209903614129871,"w":-0.7492508888244629},"size":2.5889508724212648,"orthographic":false}